"","format","avgcatediscdept","avgcatediscbreath","averagedealprop","varmarketshare"
"1","convenience",0.292818156272087,0.494659027464402,0.651272746319258,0.000125210158551445
"2","hypermarket",0.294597996562706,0.504585215484592,0.65806726871642,3.38345733558697e-05
"3","supermarket",0.299826903477725,0.508294968929796,0.663635129247034,5.28404028092197e-05
